{
    "system_power": 18559.585100000004,
    "train_max": 18559.585100000004,
    "train_95th": 15891.18877,
    "daytime_max": 18559.585100000004
}